"Name","MedianAge","MedianAge2000","Population","AnnualPopulationGrowth","GenderInequalityIndex","AdolescentFertilityRate","GrossNationalIncomePerCapita","MeanYearsSchooling","LifeExpectancyAtBirth","GDP","number","continent"
"Norway",38.7,36.9,5,0.7,5,7.4,48688,12.6,81.3,232.7,"1","Europe and Central Asia"
"Australia",36.9,35.4,22.9,1.3,17,12.5,34340,12,82,781.5,"2","East Asia and the Pacific"
"United States",36.9,35.3,315.8,0.9,42,27.4,43480,13.3,78.7,13238.3,"3","North America"
"Netherlands",40.7,37.3,16.7,0.3,1,4.3,37282,11.6,80.8,621.9,"4","Europe and Central Asia"
"Germany",44.3,39.9,82,-0.2,6,6.8,35431,12.2,80.6,2814.4,"5","Europe and Central Asia"
"New Zealand",36.6,34.3,4.5,1,31,18.6,24358,12.5,80.8,108.4,"6","East Asia and the Pacific"
"Ireland",34.7,32.5,4.6,1.1,19,8.8,28671,11.6,80.7,159.9,"7","Europe and Central Asia"
"Sweden",40.7,39.4,9.5,0.6,2,6.5,36143,11.7,81.6,331.3,"8","Europe and Central Asia"
"Switzerland",41.4,38.6,7.7,0.4,3,3.9,40527,11,82.5,300.3,"9","Europe and Central Asia"
"Japan",44.7,41.3,126.4,-0.1,21,6,32545,11.6,83.6,3918.9,"10","East Asia and the Pacific"
"Canada",39.9,36.8,34.7,0.9,18,11.3,35369,12.3,81.1,1231.6,"11","North America"
"Korea (Republic of)",37.9,32.1,48.6,0.4,27,5.8,28231,11.6,80.7,1371,"12","East Asia and the Pacific"
"Hong Kong, China (SAR)",41.8,36.5,7.2,1,NA,4.2,45598,10,83,310,"13","East Asia and the Pacific"
"Iceland",34.8,32.8,0.3,1.2,10,11.6,29176,10.4,81.9,10.7,"14","Europe and Central Asia"
"Denmark",40.6,38.4,5.6,0.3,3,5.1,33518,11.4,79,180.6,"15","Europe and Central Asia"
"Israel",30.1,28,7.7,1.7,25,14,26224,11.9,81.9,207.5,"16","Arab States"
"Belgium",41.2,39.1,10.8,0.3,12,11.2,33429,10.9,80,364.7,"17","Europe and Central Asia"
"Austria",41.8,38.2,8.4,0.2,14,9.7,36438,10.8,81,306.1,"18","Europe and Central Asia"
"Singapore",37.6,34.1,5.3,1.1,13,6.7,52613,10.1,81.2,277.8,"19","East Asia and the Pacific"
"France",39.9,37.7,63.5,0.5,9,6,30277,10.6,81.7,1951.2,"20","Europe and Central Asia"
"Finland",42,39.3,5.4,0.3,6,9.3,32510,10.3,80.1,173.8,"21","Europe and Central Asia"
"Slovenia",41.7,38,2,0.2,8,4.5,23999,11.7,79.5,51.2,"22","Europe and Central Asia"
"Spain",40.1,37.6,46.8,0.6,15,10.7,25947,10.4,81.6,1251.3,"23","Europe and Central Asia"
"Liechtenstein",NA,NA,0,0.8,NA,6,84880,10.3,79.8,NA,"24","Europe and Central Asia"
"Italy",43.2,40.2,61,0.2,11,4,26158,10.1,82,1645,"25","Europe and Central Asia"
"Luxembourg",38.9,37.3,0.5,1.4,26,8.4,48285,10.1,80.1,35.4,"26","Europe and Central Asia"
"United Kingdom",39.8,37.7,62.8,0.6,34,29.7,32538,9.4,80.3,2034.2,"27","Europe and Central Asia"
"Czech Republic",39.4,37.4,10.6,0.3,20,9.2,22067,12.3,77.8,252.8,"28","Europe and Central Asia"
"Greece",41.4,38.3,11.4,0.2,23,9.6,20511,10.1,80,255,"29","Europe and Central Asia"
"Brunei Darussalam",28.9,25.8,0.4,1.7,NA,22.7,45690,8.6,78.1,18.2,"30","East Asia and the Pacific"
"Cyprus",34.2,31.8,1.1,1.1,22,5.5,23825,9.8,79.8,21,"31","Europe and Central Asia"
"Malta",39.5,36.1,0.4,0.3,39,11.8,21184,9.9,79.8,9.6,"32","Europe and Central Asia"
"Andorra",NA,NA,0.1,1.5,NA,7.3,33918,10.4,81.1,NA,"33","Europe and Central Asia"
"Estonia",39.7,37.9,1.3,-0.1,29,17.2,17402,12,75,24,"34","Europe and Central Asia"
"Slovakia",36.9,33.6,5.5,0.2,32,16.7,19696,11.6,75.6,112.9,"35","Europe and Central Asia"
"Qatar",31.6,30.3,1.9,2.9,117,15.5,87478,7.3,78.5,145.8,"36","Arab States"
"Hungary",39.8,38.5,9.9,-0.2,42,13.6,16088,11.7,74.6,172.5,"37","Europe and Central Asia"
"Barbados",37.5,33.6,0.3,0.2,61,40.8,17308,9.3,77,4.8,"38","Europe and Central Asia"
"Poland",38,35.3,38.3,0,24,12.2,17776,10,76.3,691.2,"39","Europe and Central Asia"
"Chile",32.1,28.8,17.4,0.9,66,56,14987,9.7,79.3,263.7,"40","Latin America and the Caribbean"
"Lithuania",39.3,35.9,3.3,-0.4,28,16.1,16858,10.9,72.5,54.1,"41","Europe and Central Asia"
"United Arab Emirates",30.1,28.1,8.1,2.2,40,23.4,42716,8.9,76.7,333.7,"42","Arab States"
"Portugal",41,37.7,10.7,0,16,12.5,19907,7.7,79.7,226.8,"43","Europe and Central Asia"
"Latvia",40.2,38.1,2.2,-0.4,36,12.8,14724,11.5,73.6,30.6,"44","Europe and Central Asia"
"Argentina",30.4,27.9,41.1,0.9,71,54.2,15347,9.3,76.1,631.9,"45","Latin America and the Caribbean"
"Seychelles",NA,NA,0.1,0.3,NA,47.6,22615,9.4,73.8,2,"46","East Asia and the Pacific"
"Croatia",41.5,39.1,4.4,-0.2,33,12.8,15419,9.8,76.8,71.2,"47","Europe and Central Asia"
"Bahrain",30.1,27.4,1.4,2.1,45,14.8,19154,9.4,75.2,26.9,"48","Arab States"
"Bahamas",30.9,27,0.4,1.1,53,28.3,27401,8.5,75.9,9.8,"49","Latin America and the Caribbean"
"Belarus",38.3,36.3,9.5,-0.3,NA,20.5,13385,11.5,70.6,125,"50","Europe and Central Asia"
"Uruguay",33.7,31.6,3.4,0.3,69,59,13333,8.5,77.2,44.9,"51","Latin America and the Caribbean"
"Montenegro",35.9,33.5,0.6,0.1,NA,14.8,10471,10.5,74.8,6.6,"52","Europe and Central Asia"
"Palau",NA,NA,0,0.8,NA,12.7,11463,12.2,72.1,0.3,"53","East Asia and the Pacific"
"Kuwait",28.2,28.3,2.9,2.4,47,14.4,52793,6.1,74.7,135.1,"54","Arab States"
"Russian Federation",37.9,36.5,142.7,-0.1,51,23.2,14461,11.7,69.1,2101.8,"55","Europe and Central Asia"
"Romania",38.5,34.7,21.4,-0.2,55,28.8,11011,10.4,74.2,233.3,"56","Europe and Central Asia"
"Bulgaria",41.6,39.7,7.4,-0.7,38,36.2,11474,10.6,73.6,88.2,"57","Europe and Central Asia"
"Saudi Arabia",25.9,20.9,28.7,2.1,145,22.1,22616,7.8,74.1,601.8,"58","Arab States"
"Cuba",38.4,32.8,11.2,0,63,43.9,5539,10.2,79.3,NA,"59","Latin America and the Caribbean"
"Panama",27.3,24.8,3.6,1.5,108,75.9,13519,9.4,76.3,49.2,"60","Latin America and the Caribbean"
"Mexico",26.6,23.4,116.1,1.1,72,65.5,12947,8.5,77.1,1466.6,"61","Latin America and the Caribbean"
"Costa Rica",28.4,24.8,4.8,1.4,62,61.9,10863,8.4,79.4,50.7,"62","Latin America and the Caribbean"
"Grenada",25,21.8,0.1,0.4,NA,35.4,9257,8.6,76.1,1,"63","Latin America and the Caribbean"
"Libya",25.9,21.9,6.5,0.8,36,2.6,13765,7.3,75,96.2,"64","Arab States"
"Malaysia",26,23.8,29.3,1.6,42,9.8,13676,9.5,74.5,394.6,"65","East Asia and the Pacific"
"Serbia",37.6,35.7,9.8,-0.1,NA,19.2,9533,10.2,74.7,71.2,"66","Europe and Central Asia"
"Antigua and Barbuda",NA,NA,0.1,1,NA,49.1,13883,8.9,72.8,1.3,"67","Latin America and the Caribbean"
"Trinidad and Tobago",30.8,26.9,1.4,0.3,50,31.6,21941,9.2,70.3,30.6,"68","Latin America and the Caribbean"
"Kazakhstan",29,27.7,16.4,1,51,25.5,10451,10.4,67.4,191.5,"69","Europe and Central Asia"
"Albania",30,27.4,3.2,0.3,41,14.9,7822,10.4,77.1,25.3,"70","Europe and Central Asia"
"Venezuela (Bolivarian Republic of)",26.1,23.3,29.9,1.5,93,87.3,11475,7.6,74.6,329.6,"71","Latin America and the Caribbean"
"Dominica",NA,NA,0.1,0,NA,18.9,10977,7.7,77.6,0.8,"72","Latin America and the Caribbean"
"Georgia",37.3,34.4,4.3,-0.6,81,39.5,5005,12.1,73.9,21.6,"73","Europe and Central Asia"
"Lebanon",29.1,25.6,4.3,0.7,78,15.4,12364,7.9,72.8,54.9,"74","Europe and Central Asia"
"Saint Kitts and Nevis",NA,NA,0.1,1.2,NA,33.2,12460,8.4,73.3,0.7,"75","Latin America and the Caribbean"
"Iran (Islamic Republic of)",27.1,20.8,75.6,1,107,25,10695,7.8,73.2,765.2,"76","Arab States"
"Peru",25.6,23,29.7,1.1,73,48.7,9306,8.7,74.2,266,"77","Latin America and the Caribbean"
"The former Yugoslav Republic of Macedonia",35.9,32.5,2.1,0.1,30,17.8,9377,8.2,75,19.5,"78","Europe and Central Asia"
"Ukraine",39.3,37.7,44.9,-0.5,57,26.1,6428,11.3,68.8,290.6,"79","Europe and Central Asia"
"Mauritius",32.4,28.6,1.3,0.5,70,31.8,13300,7.2,73.5,16.4,"80","East Asia and the Pacific"
"Bosnia and Herzegovina",39.4,35.1,3.7,-0.2,NA,13.4,7713,8.3,75.8,28.5,"81","Europe and Central Asia"
"Azerbaijan",29.5,25.6,9.4,1.2,54,31.4,8153,11.2,70.9,81.5,"82","Europe and Central Asia"
"Saint Vincent and the Grenadines",27.9,24.2,0.1,0,NA,54.1,9367,8.6,72.5,1,"83","Latin America and the Caribbean"
"Oman",25.3,21,2.9,1.9,59,9.3,24092,5.5,73.2,72.1,"84","Arab States"
"Brazil",29.1,25.4,198.4,0.8,85,76,10152,7.2,73.8,2021.3,"85","Latin America and the Caribbean"
"Jamaica",27,24.5,2.8,0.4,87,69.7,6701,9.6,73.3,19.2,"86","Latin America and the Caribbean"
"Armenia",32.1,30.3,3.1,0.3,59,33.2,5540,10.8,74.4,15.8,"87","Arab States"
"Saint Lucia",27.4,24,0.2,1,NA,55.9,7971,8.3,74.8,1.4,"88","Latin America and the Caribbean"
"Ecuador",25.5,22.6,14.9,1.3,83,80.6,7471,7.6,75.8,109.2,"89","Latin America and the Caribbean"
"Turkey",28.3,24.5,74.5,1.1,68,30.5,13710,6.5,74.2,991.7,"90","Europe and Central Asia"
"Colombia",26.8,23.8,47.6,1.3,88,68.1,8711,7.3,73.9,415.8,"91","Latin America and the Caribbean"
"Sri Lanka",30.7,27.8,21.2,0.8,75,22.1,5170,9.3,75.1,102.9,"92","East Asia and the Pacific"
"Algeria",26.2,21.7,36.5,1.4,74,6.1,7418,7.6,73.4,275,"93","Arab States"
"Tunisia",28.9,24.7,10.7,1,46,4.4,8103,6.5,74.7,88.1,"94","Arab States"
"Tonga",21.3,19.9,0.1,0.4,90,18,4153,10.3,72.5,0.4,"95","East Asia and the Pacific"
"Belize",21.8,18.8,0.3,2,79,70.8,5327,8,76.3,2.1,"96","Latin America and the Caribbean"
"Dominican Republic",25.1,22.7,10.2,1.2,109,103.6,8506,7.2,73.6,87,"97","Latin America and the Caribbean"
"Fiji",26.4,22.1,0.9,0.8,NA,42.8,4087,10.7,69.4,3.6,"98","East Asia and the Pacific"
"Samoa",20.9,19.7,0.2,0.5,NA,25.5,3928,10.3,72.7,0.7,"99","East Asia and the Pacific"
"Jordan",20.7,19.4,6.5,1.9,99,23.7,5272,8.6,73.5,32.6,"100","Arab States"
"China",34.5,29.7,1353.6,0.4,35,9.1,7945,7.5,73.7,9970.6,"101","East Asia and the Pacific"
"Turkmenistan",24.5,21.6,5.2,1.2,NA,16.9,7782,9.9,65.2,41.1,"102","Europe and Central Asia"
"Thailand",34.2,30.2,69.9,0.5,66,37,7722,6.6,74.3,530.6,"103","East Asia and the Pacific"
"Maldives",24.6,18.8,0.3,1.3,64,10.2,7478,5.8,77.1,2.5,"104","East Asia and the Pacific"
"Suriname",27.6,25.7,0.5,0.9,94,34.9,7327,7.2,70.8,3.7,"105","Latin America and the Caribbean"
"Gabon",21.6,19.3,1.6,1.9,105,81,12521,7.5,63.1,21.5,"106","Sub-Saharan Africa"
"El Salvador",23.2,20.7,6.3,0.6,82,76.2,5915,7.5,72.4,37.6,"107","Latin America and the Caribbean"
"Bolivia (Plurinational State of)",21.7,20,10.2,1.6,97,74.7,4444,9.2,66.9,45.4,"108","Latin America and the Caribbean"
"Mongolia",25.4,21.8,2.8,1.5,56,18.7,4245,8.3,68.8,11.7,"109","East Asia and the Pacific"
"Occupied Palestinian Territory",18.1,16.2,4.3,2.8,NA,48.3,3359,8,73,NA,"110","Arab States"
"Paraguay",23.1,20.4,6.7,1.7,95,66.7,4497,7.7,72.7,31.2,"111","Latin America and the Caribbean"
"Egypt",24.4,21.4,84,1.7,126,40.6,5401,6.4,73.5,457.8,"112","Arab States"
"Moldova (Republic of)",35.2,32.3,3.5,-0.7,49,29.1,3319,9.7,69.6,10.6,"113","Europe and Central Asia"
"Philippines",22.2,20.4,96.5,1.7,77,46.5,3752,8.9,69,344.4,"114","East Asia and the Pacific"
"Uzbekistan",24.2,20.9,28.1,1.1,NA,12.8,3201,10,68.6,85.2,"115","Europe and Central Asia"
"Syrian Arab Republic",21.1,19.1,21.1,1.7,118,36.5,4674,5.7,76,96.9,"116","Arab States"
"Micronesia (Federated States of)",20.8,18.9,0.1,0.5,NA,18.5,3352,8.8,69.2,0.3,"117","East Asia and the Pacific"
"Guyana",23.8,23,0.8,0.2,104,53.9,3387,8.5,70.2,2.3,"118","Latin America and the Caribbean"
"Botswana",22.9,20,2.1,1.1,102,43.8,13102,8.9,53,26.3,"119","Sub-Saharan Africa"
"Honduras",21,18.4,7.9,2,100,85.9,3426,6.5,73.4,27.7,"120","Latin America and the Caribbean"
"Indonesia",27.8,24.4,244.8,1,106,42.3,4154,5.8,69.8,992.1,"121","East Asia and the Pacific"
"Kiribati",NA,NA,0.1,1.5,NA,16.4,3079,7.8,68.4,0.2,"122","East Asia and the Pacific"
"South Africa",24.9,22.9,50.7,0.5,90,50.4,9594,8.5,53.4,489.6,"123","Sub-Saharan Africa"
"Vanuatu",20.6,18.9,0.3,2.4,NA,50.6,3960,6.7,71.3,1,"124","East Asia and the Pacific"
"Kyrgyzstan",23.8,22.5,5.4,1.1,64,33,2009,9.3,68,11.7,"125","East Asia and the Pacific"
"Tajikistan",20.4,18.5,7.1,1.5,57,25.7,2119,9.8,67.8,14.3,"126","East Asia and the Pacific"
"Viet Nam",28.2,23.8,89.7,1,48,22.7,2970,5.5,75.4,264.6,"127","East Asia and the Pacific"
"Namibia",21.2,19.5,2.4,1.7,86,54.4,5973,6.2,62.6,13.9,"128","Sub-Saharan Africa"
"Nicaragua",22.1,18.9,6,1.4,89,104.9,2551,5.8,74.3,15.1,"129","Latin America and the Caribbean"
"Morocco",26.3,22.6,32.6,1,84,10.8,4384,4.4,72.4,143.5,"130","Arab States"
"Iraq",18.3,18,33.7,3.1,120,85.9,3557,5.6,69.6,112.5,"131","Arab States"
"Cape Verde",22.8,18.5,0.5,0.9,NA,69.2,3609,3.5,74.3,1.8,"132","Sub-Saharan Africa"
"Guatemala",18.9,17.7,15.1,2.5,114,102.4,4235,4.1,71.4,64.2,"133","Latin America and the Caribbean"
"Timor-Leste",16.6,15.3,1.2,2.9,NA,52.3,5446,4.4,62.9,1.6,"134","East Asia and the Pacific"
"Ghana",20.5,19.1,25.5,2.3,121,62.4,1684,7,64.6,41.3,"135","Sub-Saharan Africa"
"Equatorial Guinea",20.3,19.5,0.7,2.7,NA,114.6,21715,5.4,51.4,23.1,"136","Sub-Saharan Africa"
"India",25.1,22.7,1258.4,1.3,132,74.7,3285,4.4,65.8,3976.5,"137","East Asia and the Pacific"
"Cambodia",22.9,18.1,14.5,1.2,96,32.9,2095,5.8,63.6,29.8,"138","East Asia and the Pacific"
"Lao People's Democratic Republic",21.5,18.6,6.4,1.3,100,30.1,2435,4.6,67.8,15.5,"139","East Asia and the Pacific"
"Bhutan",24.6,19.4,0.8,1.5,92,44.9,5246,2.3,67.6,3.8,"140","East Asia and the Pacific"
"Swaziland",19.5,17.2,1.2,1.4,112,67.9,5104,7.1,48.9,5.7,"141","Sub-Saharan Africa"
"Congo",19.6,18.9,4.2,2.2,132,112.6,2934,5.9,57.8,16.1,"142","Sub-Saharan Africa"
"Solomon Islands",19.9,18.8,0.6,2.5,NA,64.6,2172,4.5,68.2,1.4,"143","East Asia and the Pacific"
"Sao Tome and Principe",19.3,17.8,0.2,2,NA,55.4,1864,4.7,64.9,0.3,"144","Sub-Saharan Africa"
"Kenya",18.5,17.4,42.7,2.7,130,98.1,1541,7,57.7,62.7,"145","Sub-Saharan Africa"
"Bangladesh",24.2,20.8,152.4,1.3,111,68.2,1785,4.8,69.2,236,"146","East Asia and the Pacific"
"Pakistan",21.7,19,180,1.8,123,28.1,2566,4.9,65.7,428.4,"147","Arab States"
"Angola",16.6,16.1,20.2,2.7,NA,148.1,4812,4.7,51.5,102,"148","Sub-Saharan Africa"
"Myanmar",28.2,24.7,48.7,0.8,80,12,1817,3.9,65.7,NA,"149","East Asia and the Pacific"
"Cameroon",19.3,18.2,20.5,2.1,137,115.1,2114,5.9,52.1,41.9,"150","Sub-Saharan Africa"
"Madagascar",18.2,17.4,21.9,2.8,NA,122.7,828,5.2,66.9,18.2,"151","Sub-Saharan Africa"
"Tanzania (United Republic of)",17.5,17.4,47.7,3.1,119,128.7,1383,5.1,58.9,59.8,"152","Sub-Saharan Africa"
"Nigeria",18.5,18.1,166.6,2.5,NA,111.3,2102,5.2,52.3,360.8,"153","Sub-Saharan Africa"
"Senegal",17.8,17,13.1,2.6,115,89.7,1653,4.5,59.6,22.2,"154","Sub-Saharan Africa"
"Mauritania",19.8,18.4,3.6,2.2,139,71.3,2174,3.7,58.9,8,"155","Arab States"
"Papua New Guinea",20.4,19.6,7.2,2.2,134,62,2386,3.9,63.1,16.6,"156","East Asia and the Pacific"
"Nepal",21.4,19.2,31,1.7,102,86.2,1137,3.2,69.1,33.6,"157","East Asia and the Pacific"
"Lesotho",20.3,18.6,2.2,1,113,60.8,1879,5.9,48.7,3.3,"158","Sub-Saharan Africa"
"Togo",19.7,18,6.3,2,122,54.3,928,5.3,57.5,5.6,"159","Sub-Saharan Africa"
"Yemen",17.4,15.5,25.6,3,148,66.1,1820,2.5,65.9,51.1,"160","Arab States"
"Haiti",21.5,19.1,10.3,1.3,127,41.3,1070,4.9,62.4,10.5,"161","Latin America and the Caribbean"
"Uganda",15.7,15.6,35.6,3.1,110,126.4,1168,4.7,54.5,41,"162","Sub-Saharan Africa"
"Zambia",16.7,17.1,13.9,3,136,138.5,1358,6.7,49.4,19.2,"163","Sub-Saharan Africa"
"Djibouti",21.4,18.9,0.9,1.9,NA,19.5,2350,3.8,58.3,NA,"164","Arab States"
"Gambia",17.8,16.9,1.8,2.7,128,66.9,1731,2.8,58.8,3.3,"165","Arab States"
"Benin",17.9,17.1,9.4,2.7,135,97,1439,3.2,56.5,13,"166","Arab States"
"Rwanda",18.7,16.9,11.3,2.9,76,35.5,1147,3.3,55.7,12,"167","Sub-Saharan Africa"
"CÃ´te d'Ivoire",19.2,18.7,20.6,2.2,138,105.7,1593,4.2,56,31.9,"168","Sub-Saharan Africa"
"Comoros",18.9,18.5,0.8,2.5,NA,51.1,986,2.8,61.5,0.7,"169","Arab States"
"Malawi",16.9,17,15.9,3.2,124,105.6,774,4.2,54.8,12.4,"170","Sub-Saharan Africa"
"Sudan",19.7,18.6,35,2.4,129,53,1848,3.1,61.8,83.8,"171","Arab States"
"Zimbabwe",19.3,18.2,13,2.2,116,53.4,424,7.2,52.7,NA,"172","Sub-Saharan Africa"
"Ethiopia",18.7,17,86.5,2.1,NA,48.3,1017,2.2,59.7,83,"173","Sub-Saharan Africa"
"Liberia",18.2,17.9,4.2,2.6,143,123,480,3.9,57.3,2.1,"174","Sub-Saharan Africa"
"Afghanistan",16.6,15.9,33.4,3.1,147,99.6,1000,3.1,49.1,37.2,"175","Arab States"
"Guinea-Bissau",19,18.2,1.6,2.1,NA,96.2,1042,2.3,48.6,1.7,"176","Sub-Saharan Africa"
"Sierra Leone",18.4,18.5,6.1,2.1,139,104.2,881,3.3,48.1,4.6,"177","Sub-Saharan Africa"
"Burundi",20.2,16.7,8.7,1.9,98,20.9,544,2.7,50.9,4.6,"178","Sub-Saharan Africa"
"Guinea",18.3,17.7,10.5,2.5,NA,133.7,941,1.6,54.5,10.1,"179","Sub-Saharan Africa"
"Central African Republic",19.4,18.7,4.6,2,142,98.6,722,3.5,49.1,3.2,"180","Sub-Saharan Africa"
"Eritrea",19,17.1,5.6,2.9,NA,53.7,531,3.4,62,2.8,"181","Arab States"
"Mali",16.3,16.3,16.3,3,141,168.9,853,2,51.9,15.3,"182","Arab States"
"Burkina Faso",17.1,16.5,17.5,3,131,117.4,1202,1.3,55.9,19.5,"183","Sub-Saharan Africa"
"Chad",17.1,16.9,11.8,2.6,NA,138.1,1258,1.5,49.9,15.5,"184","Arab States"
"Mozambique",17.8,17.9,24.5,2.2,125,124.4,906,1.2,50.7,20.6,"185","Sub-Saharan Africa"
"Congo (Democratic Republic of the)",16.7,16,69.6,2.6,144,170.6,319,3.5,48.7,22.3,"186","Sub-Saharan Africa"
"Niger",15.5,15.8,16.6,3.5,146,193.6,701,1.4,55.1,10.3,"187","Arab States"
"Korea (Democratic People's Rep. of)",32.9,29.9,24.6,0.4,NA,0.6,NA,NA,69,NA,"188","East Asia and the Pacific"
"Marshall Islands",NA,NA,0.1,1.6,NA,37.7,NA,NA,72.3,NA,"189","East Asia and the Pacific"
"Monaco",NA,NA,0,0,NA,1.5,NA,NA,82.3,NA,"190","Europe and Central Asia"
"Nauru",NA,NA,0,0.6,NA,23,NA,NA,80,NA,"191","East Asia and the Pacific"
"San Marino",NA,NA,0,0.6,NA,2.5,NA,NA,81.9,NA,"192","Europe and Central Asia"
"Somalia",17.5,18,9.8,2.6,NA,68,NA,NA,51.5,NA,"193","Arab States"
"South Sudan",NA,NA,10.7,3.2,NA,NA,NA,NA,NA,NA,"194","Arab States"
"Tuvalu",NA,NA,0,0.2,NA,21.5,NA,NA,67.5,NA,"195","East Asia and the Pacific"
